context,skip_rate
album,0.3476983349657199
playlist,0.32728189611699443
radio,0.33651226158038144
recommendation,0.3054448871181939
search,0.3379174852652259
