genre,skip_rate
classical,0.35365853658536583
country,0.37060041407867494
electronic,0.3181818181818182
hip-hop,0.3120728929384966
indie,0.32220039292730845
jazz,0.32950191570881227
metal,0.311340206185567
pop,0.31773879142300193
r&b,0.34501845018450183
rock,0.3241650294695481
